subreddit,id,title,selftext,score,num_comments,created_utc,author,url
technology,1qo09jc,DHS suspends Bovino's access to social media after posts defending his unverified claims about Alex Pretti,,45385,1265,1769478732.0,esporx,https://www.themirror.com/news/politics/breaking-dhs-suspends-bovinos-access-1644073
technology,1qnu932,TikTok uninstalls are up 150% following U.S. joint venture,,37463,1345,1769464363.0,MarvelsGrantMan136,https://www.cnbc.com/2026/01/26/tiktok-uninstalls-are-up-150percent-following-us-joint-venture.html
technology,1qo9in6,California governor Gavin Newsom accuses TikTok of suppressing content critical of the current American president,,31518,685,1769507193.0,RewardEquivalent553,https://www.rnz.co.nz/news/world/585135/california-s-newsom-accuses-tiktok-of-suppressing-content-critical-of-trump
technology,1qopf9b,"Meta Is Blocking Links To ICE List on Facebook, Instagram, and Threads / Users of Meta’s social platforms can no longer share links to ICE List, a website listing what it claims are the names of thousands of DHS employees.",,30467,1403,1769545433.0,MarvelsGrantMan136,https://www.wired.com/story/meta-is-blocking-links-to-ice-list-on-facebook-instagram-and-threads/
technology,1qoarib,TikTok users say they can’t upload anti-ICE videos. The company blames tech issues,,27669,917,1769511506.0,RewardEquivalent553,https://lite.cnn.com/2026/01/26/tech/tiktok-ice-censorship-glitch-cec
technology,1qnxcjb,ICE Making List of Anyone Who Films Them: “We have a nice little database and now you’re considered a domestic terrorist.”,,27540,983,1769471391.0,RewardEquivalent553,https://www.kenklippenstein.com/p/ice-making-list-of-anyone-who-films
worldnews,1qo95l6,‘Mother of all deals’: EU and India sign free trade agreement,,26845,1401,1769505885.0,rawa27,https://www.theguardian.com/business/2026/jan/27/eu-and-india-sign-free-trade-agreement?CMP%3Dshare_btn_url
worldnews,1qoqesc,"Polish President Karol Nawrocki has said that Auschwitz “might not have happened” if the world had reacted sooner to Nazi crimes in occupied Poland, accusing Western Europe of indifference in the early years of World War II.",,25268,910,1769547574.0,Easy-Ad1996,https://tvpworld.com/91277597/polands-nawrocki-accuses-europe-of-indifference-before-auschwitz
worldnews,1qog1x5,Carney stands by speech despite U.S. claims,,17358,760,1769525776.0,Little-Chemical5006,https://www.ctvnews.ca/politics/article/i-meant-what-i-said-carney-stands-by-davos-speech-despite-us-claims/
worldnews,1qos5ns,"France to ban officials from US video tools including Zoom, Teams",,14318,390,1769551340.0,hardenedsteel8,https://www.politico.eu/article/france-ban-officials-us-video-tools-zoom-teams-visio/
technology,1qonywl,"U.S. government has lost more than 10,000 STEM Ph.D.s since Donald(The current American President) took office",,12292,352,1769542358.0,RewardEquivalent553,https://www.science.org/content/article/u-s-government-has-lost-more-10-000-stem-ph-d-s-trump-took-office
worldnews,1qoiga0,"Carney says he told Trump 'I meant what I said in Davos,' contradicting U.S. Treasury Secretary Scott Bessent",,11468,317,1769530983.0,Chewbacca319,https://www.cbc.ca/news/politics/carney-denies-walking-back-davos-speech-9.7062599
technology,1qocap3,"Redditors Are Mounting a Resistance Against ICE / A user from r/Minneapolis was among the first to share footage of federal agents shooting Alex Pretti. Following his death, subreddits about football, cats, and embroidery have all rallied against ICE.",,10793,314,1769516323.0,MarvelsGrantMan136,https://www.wired.com/story/redditors-are-mounting-a-resistance-against-ice/
worldnews,1qo8qji,Xi Jinping says China seeks to uphold UN-based world order,,8418,758,1769504385.0,Saltedline,https://hongkongfp.com/2026/01/27/xi-jinping-says-china-seeks-to-uphold-un-based-world-order/
worldnews,1qo9hgr,Europe accelerates push for military independence from US,,7847,395,1769507083.0,jackytheblade,https://newsukraine.rbc.ua/news/europe-accelerates-push-for-military-independence-1769494723.html
technology,1qoix2i,US President says US used ‘Discombobulator’ secret weapon during Maduro capture,,6402,862,1769531963.0,rezwenn,https://thehill.com/policy/defense/5706502-trump-discombobulator-weapon-venezuela/
technology,1qocheb,"No, AI isn't inevitable. We should stop it while we can.",,5495,569,1769516866.0,FinnFarrow,https://www.usatoday.com/story/opinion/2026/01/24/ai-chip-manufacturing-data-centers-humanity/88215945007/
technology,1qosy1z,TikTok Already Getting Shittier Under The Ownership Of President's Billionaire Buddies,,5418,183,1769553116.0,StraightedgexLiberal,https://www.techdirt.com/2026/01/27/tiktok-already-getting-shittier-under-the-ownership-of-trumps-billionaire-buddies/
technology,1qoqyv2,Zoom Is the First Casualty in France's War on American Big Tech,,5065,376,1769548737.0,Well_Socialized,https://gizmodo.com/zoom-is-the-first-casualty-in-frances-war-on-american-big-tech-2000714545
worldnews,1qo8t2t,German general prepares country for potential Russian attack within 2 to 3 years,,4991,322,1769504632.0,LustfulJanes,https://www.pravda.com.ua/eng/news/2026/01/27/8018042/
worldnews,1qokx47,‘Abdication’: Trump takes US out of Paris climate agreement for a second time,,4957,155,1769536089.0,alonso-Lewis-vettel,https://www.theguardian.com/us-news/2026/jan/27/trump-withdraws-paris-climate-agreement
worldnews,1qohi2a,"Canada could gain nearly 7% in real GDP by removing internal trade barriers, says IMF",,4495,211,1769528967.0,joe4942,https://www.cbc.ca/news/business/canadian-economy-report-imf-interprovincial-trade-9.7062567
technology,1qocjej,Palantir Defends Work With ICE to Staff Following Killing of Alex Pretti,,4190,312,1769517021.0,cambeiu,https://www.wired.com/story/palantir-ice-dhs-alex-pretti-killing-workers-slack-minneapolis
worldnews,1qowe2d,Donald Trump announces second US military armada aimed for Iran,,4110,587,1769561367.0,TokenBearer,https://www.jpost.com/international/article-884774
technology,1qoqpq6,“IG is a drug”: Internal messages may doom Meta at social media addiction trial | A loss could cost social media companies billions and force changes on platforms.,,2878,118,1769548206.0,mepper,https://arstechnica.com/tech-policy/2026/01/tiktok-settles-hours-before-landmark-social-media-addiction-trial-starts/
technology,1qor8ij,Beware: Government Using Image Manipulation for Propaganda,,2706,29,1769549319.0,mepper,https://www.eff.org/deeplinks/2026/01/beware-government-using-image-manipulation-propaganda
technology,1qopqho,Kash Patel says the FBI is investigating Signal chats of Minnesota activists tracking ICE— The inquiry followed a far-right influencer’s post about anti-ICE Signal chats,,2691,350,1769546102.0,RewardEquivalent553,https://www.dailykos.com/stories/2026/1/27/2365747/-Are-you-protecting-your-neighbors-FBI-director-wants-to-probe-your-chats
worldnews,1qokw6j,China buys more Canadian canola after Mark Carney visit,,2096,93,1769536032.0,Immediate-Link490,https://www.reuters.com/world/chinese-importers-snap-up-more-canadian-canola-cargoes-after-carneys-visit-2026-01-27/
worldnews,1qonllf,"EU now has its own 'secure and encrypted' satellite communication system, Kubilius says",,2056,44,1769541564.0,Belegor87,https://www.euronews.com/my-europe/2026/01/27/eu-now-has-its-own-secure-and-encrypted-satellite-communication-system-kubilius-says
worldnews,1qod9v3,US reportedly ties security guarantees to Ukraine ceding Donbas territory to Russia,,1973,438,1769519054.0,Electrical_Jammin,https://kyivindependent.com/us-reportedly-ties-security-guarantees-to-ukraine-ceding-donbas/
technology,1qozn3p,"TikTok users “absolutely justified” for fearing MAGA makeover, experts say | TikTok’s tech issues abound as censorship fears drive users to delete app.",,1662,71,1769569715.0,ControlCAD,https://arstechnica.com/tech-policy/2026/01/tiktok-claimed-bugs-blocked-anti-ice-videos-epstein-mentions-experts-call-bs/
technology,1qoezeo,"The latest YouTube error message isn't a bug, it's another ad blocker crackdown",,1394,196,1769523292.0,AdSpecialist6598,https://www.techspot.com/news/111074-latest-youtube-error-message-isnt-bug-another-ad.html
technology,1qoo6ha,Lawsuit Alleges That WhatsApp Has No End-to-End Encryption - Slashdot,,1274,78,1769542801.0,AnonomousWolf,https://it.slashdot.org/story/26/01/27/0550249/lawsuit-alleges-that-whatsapp-has-no-end-to-end-encryption
worldnews,1qopkns,"Iran arrests Dr. Alireza Golchini for treating injured protesters, charges him with ""waging war against God""",,1153,66,1769545758.0,Eienkei,https://hengaw.net/en/news/2026/01/article-205
technology,1qonf2b,Brendan Carr Again Threatens Talk Shows That Refuse To Coddle Republicans,,1123,43,1769541187.0,StraightedgexLiberal,https://www.techdirt.com/2026/01/27/brendan-carr-again-threatens-talk-shows-that-refuse-to-coddle-republicans/
worldnews,1qodzf4,"India, Canada to finalise PM Mark Carney’s visit as CEPA trade talks accelerate.",,976,233,1769520872.0,Blank_eye00,https://www.newindianexpress.com/nation/2026/Jan/26/india-canada-to-finalise-pm-mark-carneys-visit-as-cepa-trade-talks-accelerate
programming,1qni22q,"[Meta] Mods, when will you get on top of the constant AI slop posts?","They never do well in terms of Karma or engagement. All they do is take a spot in the feed better suited to actual meaningful content.

They constantly break rules 2, 3, and 6. At a bare minimum that should be enough reason to remove them.

But more than that, AI has as much to do with programming a",862,333,1769439016.0,Omnipresent_Walrus,http://reddit.com/r/programming
technology,1qoe7k8,"TikTok users panic over the app’s 'immigration data' collection policy, but the wording isn't new",,861,67,1769521456.0,HellYeahDamnWrite,https://fortune.com/2026/01/27/tiktok-privacy-policy-immigration-status-ice-protests-user-anxiety-big-tech-social-media/
technology,1qoi587,Angry gamers are forcing studios to scrap or rethink new releases | Gamers suspicious of AI-generated content have forced developers to cancel titles and promise not to use the technology.,,861,416,1769530323.0,MetaKnowing,https://www.washingtonpost.com/technology/2026/01/26/gamer-protests-ai-slop-backlash/
worldnews,1qoh7ue,"Iran’s currency, the rial, falls to 1.5 million to $1, a record low after nationwide protests sparked by economic woes",,848,31,1769528344.0,gesushuston,https://abcnews.go.com/International/wireStory/irans-currency-rial-falls-15-million-1-record-129590791
technology,1qojy1v,Death of an Indian tech worker: A wave of suicides and widespread AI-fueled layoffs reveal a workforce under extreme pressure.,,755,90,1769534069.0,RewardEquivalent553,https://restofworld.org/2026/india-tech-workers-crisis-suicide/
worldnews,1qoleah,African nations now send more money to China than they receive in new loans,,740,123,1769537045.0,Obvious-Peanut4406,https://www.reuters.com/business/finance/african-nations-now-send-more-money-china-than-they-receive-new-loans-2026-01-27/
worldnews,1qouno3,"Saudi won't allow airspace to be used for military action against Iran, crown prince says",,734,50,1769557105.0,Raj_Valiant3011,https://www.reuters.com/world/middle-east/iran-welcomes-any-process-prevent-war-president-tells-saudi-crown-prince-phone-2026-01-27/
technology,1qouytj,ChatGPT fails to spot 92% of fake videos made by OpenAI's own Sora tool,,669,26,1769557876.0,MRADEL90,https://the-decoder.com/chatgpt-fails-to-spot-92-of-fake-videos-made-by-openais-own-sora-tool/
worldnews,1qoosa8,French lawmakers approve bill banning social media for children under 15,,619,23,1769544078.0,Silent-Statement-648,https://abcnews.go.com/Business/wireStory/french-lawmakers-approve-bill-banning-social-media-children-129591203
programming,1qnlk8z,"After two years of vibecoding, I'm back to writing by hand",An interesting perspective.,583,235,1769446471.0,BinaryIgor,https://atmoio.substack.com/p/after-two-years-of-vibecoding-im
programming,1qoj5mb,How I estimate work as a staff software engineer,,546,193,1769532456.0,Ordinary_Leader_2971,https://www.seangoedecke.com/how-i-estimate-work/
worldnews,1qoy7vo,US intelligence raises doubts about Venezuela leader's cooperation,,541,102,1769566055.0,Schadenfreude_D,https://www.reuters.com/world/china/us-intelligence-raises-doubts-about-venezuela-leaders-cooperation-2026-01-28/
technology,1qowjl6,At least 37 attorneys general for US states and territories are taking action against xAI after Grok generated a flood of nonconsensual sexual images of women and minors,,530,3,1769561752.0,MRADEL90,https://www.wired.com/story/the-state-led-crackdown-on-grok-and-xai-has-begun/
technology,1qos09l,A Reckoning for the Tech Right | Silicon Valley’s top CEOs have been noticeably silent after the Minneapolis shooting,,522,35,1769551018.0,Hrmbee,https://www.theatlantic.com/technology/2026/01/minneapolis-reckoning-tech-right/685781/
programming,1qnaguj,Study finds many software developers feel ethical pressure to ship products that may conflict with democratic values,,463,107,1769416012.0,SentFromHeav3n,https://www.tandfonline.com/doi/full/10.1080/1369118X.2025.2566814
technology,1qp0kl5,Experts warn that OpenAI’s ‘bubble’ is facing a $200 billion reality check,,401,63,1769572242.0,FervidBug42,https://www.inc.com/leila-sheridan/experts-warn-that-openais-bubble-is-facing-a-200-billion-reality-check/91292376
worldnews,1qop18q,Cabinet approves S. Korea's military intel-sharing pact with Canada,,399,13,1769544602.0,XZYYT,https://www.koreatimes.co.kr/southkorea/20260127/cabinet-approves-s-koreas-military-intel-sharing-pact-with-canada
technology,1qp0bpp,Palantir Defends Work With ICE to Staff Following Killing of Alex Pretti,,356,43,1769571548.0,renome,https://www.wired.com/story/palantir-ice-dhs-alex-pretti-killing-workers-slack-minneapolis/
technology,1qowg7b,"94% of Americans don't understand privacy risks of AI at work, says NordVPN",,332,46,1769561513.0,Haunterblademoi,https://www.securitysystemsnews.com/article/94-of-americans-don-t-understand-privacy-risks-of-ai-at-work-says-nordvpn
worldnews,1qoqfl7,"US has told Ukraine it must sign peace deal with Russia to get security guarantees, source says",,324,155,1769547619.0,yahoonews,https://www.yahoo.com/news/articles/us-links-security-guarantees-ukraine-055808001.html
technology,1qot266,TikTok faces slew of censorship claims and glitches days after ownership change,,290,14,1769553377.0,Abject-Pick-6472,https://apnews.com/article/tiktok-uninstalls-newsom-censorship-f38b265405f734993728c790dcc83bcc
worldnews,1qopbti,'We all know someone who was killed': Iran protesters describe personal toll of crackdown,,251,11,1769545221.0,Naderium,https://www.bbc.com/news/articles/cy8y2jxx9ppo.amp
worldnews,1qor588,India and the EU announce a free trade deal affecting up to 2 billion people,,240,52,1769549119.0,No-Reference-5137,https://apnews.com/article/india-eu-modi-trade-wine-auto-74b8744b2ef562d2e820b238e6ce8d38
worldnews,1qotkcs,Former French senator found guilty of drugging MP,,210,10,1769554542.0,greatdevonhope,https://www.bbc.co.uk/news/articles/cy8p1mn3j29o
worldnews,1qp0xp9,Board of Peace Set to Hand Trump Sweeping Powers Over Gaza,,178,81,1769573248.0,Gopu_17,https://www.nytimes.com/2026/01/27/world/middleeast/board-of-peace-trump-gaza.html
worldnews,1qozo2m,US announces multi-day aerial military drills in the Middle East amid Iran tensions | US news,,95,14,1769569785.0,Force_Hammer,https://www.theguardian.com/us-news/2026/jan/27/us-announces-multi-day-aerial-military-drills-in-the-middle-east-amid-iran-tensions
worldnews,1qp2pel,Ecuador Says ICE Agent Tried To Invade Sovereign Territory,,95,2,1769578436.0,Dont_think_Do,https://www.reuters.com/world/americas/ecuador-says-ice-agent-tried-enter-consulate-minneapolis-2026-01-28/
programming,1qosew5,Introducing Script: JavaScript That Runs Like Rust,,78,150,1769551911.0,SecretAggressive,https://docs.script-lang.org/blog/introducing-script
programming,1qng7j6,AI generated tests as ceremony,,70,48,1769434610.0,toolbelt,https://blog.ploeh.dk/2026/01/26/ai-generated-tests-as-ceremony/
programming,1qndbz5,Announcing MapLibre Tile: a modern and efficient vector tile format,,68,6,1769426218.0,Dear-Economics-315,https://maplibre.org/news/2026-01-23-mlt-release/
programming,1qo7cmi,Clawdbot and vibe coding have the same flaw. Someone else decides when you get hacked.,,66,54,1769499317.0,bishwasbhn,https://webmatrices.com/post/clawdbot-and-vibe-coding-have-the-same-flaw-someone-else-decides-when-you-get-hacked
programming,1qneymk,"Two empty chairs: why ""obvious"" decisions keep breaking production",,65,23,1769431234.0,dmp0x7c5,https://l.perspectiveship.com/re-pesh
programming,1qon4yu,The Age of Pump and Dump Software,A new worrying amalgamation of crypto scams and vibe coding emerges from the bowels of the internet in 2026,62,22,1769540620.0,Gil_berth,https://tautvilas.medium.com/software-pump-and-dump-c8a9a73d313b
programming,1qo9qob,When “just spin” hurts performance and breaks under real schedulers,,44,5,1769507975.0,Lectem,https://www.siliceum.com/en/blog/post/spinning-around/?s=r
programming,1qowa0m,I got 14.84x GPU speedup by studying how octopus arms coordinate,,43,16,1769561076.0,matthewlammw,https://github.com/matthewlam721/octopus-paralle
programming,1qoxwdt,State of the Subreddit (January 2027): Mods applications and rules updates,"tl;dr: mods applications and minor rules changes. Also it's 2026, lol.

Hello fellow programs!

It's been a while since I've [checked in](https://old.reddit.com/r/programming/comments/1chs4ib/the_state_of_the_subreddit_may_2024/) and I wanted to give an update on the state of affairs. I won't be abl",31,18,1769565254.0,ketralnis,https://www.reddit.com/r/programming/comments/1qoxwdt/state_of_the_subreddit_january_2027_mods/
programming,1qolknv,4 Pyrefly Type Narrowing Patterns that make Python Type Checking more Intuitive,"Since Python is a duck-typed language, programs often narrow types by checking a structural property of something rather than just its class name. For a type checker, understanding a wide variety of narrowing patterns is essential for making it as easy as possible for users to type check their code ",17,0,1769537410.0,BeamMeUpBiscotti,https://pyrefly.org/blog/type-narrowing/
programming,1qocluk,"Lessons from running an 8-hour TCP stress test on Windows (latency, CPU, memory)",,17,5,1769517213.0,Kranya,https://github.com/Kranyai/SimpleSocketBridge/blob/main/docs/overnight-benchmark.md
programming,1qnwe1d,How I built a collaborative editing model that's entirely P2P,Wrote about it here. Feel free to give feedback!,14,2,1769469120.0,hotdog147,https://www.kevinmake.com/writings/p2p-realtime-collaboration
programming,1qnswpp,"Admiran: a pure, lazy functional programming language and self-hosting compiler",,14,1,1769461483.0,AustinVelonaut,https://github.com/taolson/Admiran
programming,1qodcf5,Digital Excommunication - The need for an European tech ecosystem,,13,6,1769519245.0,pgaleone,https://pgaleone.eu/europe/2026/01/27/digital-excommunication/
